{"meson_version": {"full": "0.53.2", "major": 0, "minor": 53, "patch": 2}, "directories": {"source": "/mnt/c/Users/JakubJ\u00edra/Codes/B4M36ESW/epoll-in-c", "build": "/mnt/c/Users/JakubJ\u00edra/Codes/B4M36ESW/epoll-in-c/update", "info": "/mnt/c/Users/JakubJ\u00edra/Codes/B4M36ESW/epoll-in-c/update/meson-info"}, "introspection": {"version": {"full": "1.0.0", "major": 1, "minor": 0, "patch": 0}, "information": {"benchmarks": {"file": "intro-benchmarks.json", "updated": true}, "buildoptions": {"file": "intro-buildoptions.json", "updated": true}, "buildsystem_files": {"file": "intro-buildsystem_files.json", "updated": true}, "dependencies": {"file": "intro-dependencies.json", "updated": true}, "installed": {"file": "intro-installed.json", "updated": true}, "projectinfo": {"file": "intro-projectinfo.json", "updated": true}, "targets": {"file": "intro-targets.json", "updated": true}, "tests": {"file": "intro-tests.json", "updated": true}}}, "build_files_updated": true, "error": false}