[{"name": "epoll_server", "id": "epoll_server@exe", "type": "executable", "defined_in": "/mnt/c/Users/JakubJ\u00edra/Codes/B4M36ESW/epoll-in-c/meson.build", "filename": ["/mnt/c/Users/JakubJ\u00edra/Codes/B4M36ESW/epoll-in-c/builddir/epoll_server"], "build_by_default": true, "target_sources": [{"language": "c", "compiler": ["cc"], "parameters": ["-I/mnt/c/Users/JakubJ\u00edra/Codes/B4M36ESW/epoll-in-c/builddir/epoll_server@exe", "-I/mnt/c/Users/JakubJ\u00edra/Codes/B4M36ESW/epoll-in-c/builddir", "-I/mnt/c/Users/JakubJ\u00edra/Codes/B4M36ESW/epoll-in-c", "-I/mnt/c/Users/JakubJ\u00edra/Codes/B4M36ESW/epoll-in-c/incl", "-fdiagnostics-color=always", "-pipe", "-D_FILE_OFFSET_BITS=64", "-Wall", "-Winvalid-pch", "-Wextra", "-Wpedantic", "-Werror", "-g"], "sources": ["/mnt/c/Users/JakubJ\u00edra/Codes/B4M36ESW/epoll-in-c/src/main.c", "/mnt/c/Users/JakubJ\u00edra/Codes/B4M36ESW/epoll-in-c/src/all.c", "/mnt/c/Users/JakubJ\u00edra/Codes/B4M36ESW/epoll-in-c/src/stdin.c", "/mnt/c/Users/JakubJ\u00edra/Codes/B4M36ESW/epoll-in-c/src/timer.c", "/mnt/c/Users/JakubJ\u00edra/Codes/B4M36ESW/epoll-in-c/src/tcp_server.c"], "generated_sources": []}], "subproject": null, "installed": false}]